{"cameraMode":{"drawMode":0,"name":"Shaded","section":"Shading Mode"},"sceneLighting":true,"audioPlay":false,"sceneViewState":{"m_AlwaysRefresh":false,"showFog":true,"showSkybox":true,"showFlares":true,"showImageEffects":true,"showParticleSystems":true,"showVisualEffectGraphs":true,"m_FxEnabled":true},"in2DMode":false,"pivot":{"x":328.9590148925781,"y":137.0201416015625,"z":-117.81354522705078},"rotation":{"x":-0.13725484907627107,"y":0.004452905617654324,"z":0.000624596665147692,"w":0.990531325340271},"size":212.0081329345703,"orthographic":false}